,Area,Eccentricity,Extent,target
0,0.20563687399528946,0.3247696322630106,1.2518023217557588,Kecimen
1,-0.15976457409638306,0.06700428841635497,-0.4326947175775416,Kecimen
2,0.29532922047612264,0.01964982070088917,-1.2068616176378026,Kecimen
3,-1.342340549473255,-1.1930058679023317,-0.13211912467535503,Kecimen
4,-0.027972721249337466,-1.9453407665261184,2.2514374196717246,Kecimen
5,-1.1750891212904486,-0.25360079520224954,-0.8825772763669532,Kecimen
6,-1.5290053664744085,0.3753272703454659,-0.7582267903319698,Kecimen
7,-0.6629537738345954,-1.0120207017644827,0.8602705636575182,Kecimen
8,-1.5423751484088921,0.7315829803830007,-0.1636645635947745,Kecimen
9,-0.531603449984822,-0.1690911222462866,-0.783989453585403,Kecimen
10,0.0029350571114550817,0.9113836196294471,-0.6130318271648779,Kecimen
11,-1.4603395467149693,-0.16649546085756461,-0.18290432086310884,Kecimen
12,-1.4759823181760436,-1.202035216240731,-0.30486642366310013,Kecimen
13,-0.10838875759313765,-2.1589824753789904,1.6328933075985028,Kecimen
14,-0.19188351865053463,-0.3543633372605818,-0.5057368762547431,Kecimen
15,-2.0951300017414654,-0.3748287308388326,-0.48057442457775773,Kecimen
16,-0.520814358028641,0.9602571459991176,1.2013833101078606,Kecimen
17,-0.5174017183740017,-0.6120302459939047,-0.2239673313744686,Kecimen
18,-1.4840638700909747,0.034025821158434354,0.16579986166275232,Kecimen
19,-0.3068418659698598,0.9071467397186713,0.48540436734557474,Kecimen
20,-0.3401093592405542,-1.0556662628178226,0.634687571582018,Kecimen
21,-0.8093488413053284,-0.6857926747101109,0.38272084581488997,Kecimen
22,0.049953669371145884,-0.7106994928369209,-0.39049797563600286,Kecimen
23,-0.6512065840608494,-2.4097596402971835,-1.117311894491252,Kecimen
24,0.434451542324999,-0.11652499284605303,-0.04110484458181514,Kecimen
25,-0.14530880210822195,-1.077867508181252,0.44380265307866607,Kecimen
26,-0.22447084267845716,-1.8488821272109053,1.8204797499486705,Kecimen
27,-0.6670927169529309,-0.8172795253363915,-0.15249212453779357,Kecimen
28,0.02030109315461545,-2.1358167629621643,1.2224573786827768,Kecimen
29,-0.7046678774448574,-0.17833344105150226,0.8734772500154248,Kecimen
30,0.23889460734342094,-0.14399031909397209,1.0769507802691323,Kecimen
31,-1.5679043346541892,0.360431820595759,-0.17539832179969672,Kecimen
32,-0.15456448437911954,-1.2050580650885334,0.3707047365312226,Kecimen
33,-0.6375672949794907,-0.411785028198308,0.9419346557401069,Kecimen
34,-1.3163996005032046,-2.5039775256331978,-0.4310221811508002,Kecimen
35,-1.6229622590179587,-2.1315116476846434,0.847528915506507,Kecimen
36,-0.8737931035267655,-1.5267490496889335,-0.05695361377858718,Kecimen
37,-0.945591222547842,0.8310799366235925,-1.5677627017762967,Kecimen
38,-0.0873489664952539,-0.01924585875953005,0.3360359237405902,Kecimen
39,-1.1440900036473216,-1.564828648707977,1.464119183367386,Kecimen
40,0.408580638454601,-1.5675858315548308,1.1026251252607298,Kecimen
41,-0.28100595122191635,-0.9106283735427398,0.2016164999384693,Kecimen
42,-0.10018122910208424,-0.941126053274098,0.5838516195062222,Kecimen
43,0.33536601531070714,-2.220289493816635,0.9976834558180149,Kecimen
44,-0.09225006352607351,0.8478016460832903,-1.2923820905480476,Kecimen
45,-0.7995732842770452,-0.9625791713866862,-1.0943040702442703,Kecimen
46,-0.34072915485227084,-0.3323137342758511,0.4645965211191441,Kecimen
47,-1.5855963974912346,-1.693405288082907,3.3307188503675724,Kecimen
48,-1.3490401631919773,0.5578613048655703,0.5937245138138864,Kecimen
49,-1.0156767182556252,-0.9272817408868508,-0.596019033121239,Kecimen
50,-1.3945980456369236,0.27867895702590223,-0.9197380003590659,Kecimen
51,0.8536824659994205,0.36733646248670015,-0.4740309902625486,Kecimen
52,-0.48189540544469744,0.868031640296569,-1.4951884332013239,Kecimen
53,-1.3551804281435074,0.7373514938246257,-1.2562721263794705,Kecimen
54,0.7857687074766387,-0.20602940240518622,-0.3195797912533265,Kecimen
55,-1.2574603679915504,-0.5786194360555279,-0.7260087509587488,Kecimen
56,-0.8185339626393915,-1.503819478829468,-0.2509568993438602,Kecimen
57,-0.9982682647832389,-0.1676949357102083,-0.2886013681017361,Kecimen
58,-0.3631490449528593,-2.0372311421582046,0.4610340933397005,Kecimen
59,-2.765468122047043,-0.37241373234614866,-0.5428689069669981,Kecimen
60,-0.4439568391723228,-1.0027618442867157,-0.2739954422022089,Kecimen
61,-1.2444789194985835,-0.3210390927382499,-0.06758023031489686,Kecimen
62,-0.05341028811894044,0.9269564562353334,-1.138559212017287,Kecimen
63,-0.5190703381698647,-1.094071109336153,-0.8148666056059112,Kecimen
64,-0.6823301885829437,0.48508293755607695,-0.7618106879987733,Kecimen
65,-0.7260829541063736,-0.37768505035990435,-0.17456856620225447,Kecimen
66,-0.9511802193725235,-0.24150889480434048,-0.6073835160753882,Kecimen
67,0.25211279763568817,0.20908690359479895,-0.9357058955376538,Kecimen
68,-1.0569024915637857,-0.4628531281839045,1.0724101653252636,Kecimen
69,-0.27660951208004486,-0.07333303717434764,0.268809666821528,Kecimen
70,0.41115009864688895,-0.16837635765173445,-0.6002037666321567,Kecimen
71,-0.6828463924604748,0.6430368722804697,-0.5753402489482341,Kecimen
72,-0.36502685497782705,-0.3389444558398695,-0.17522583230465183,Kecimen
73,-0.38199357349987356,-0.3140550959363901,0.14463022535766518,Kecimen
74,-1.0107550137087329,-1.0182452505604789,-0.20652585927893452,Kecimen
75,-1.1112064382758264,-0.6474233228636704,0.3207068296064545,Kecimen
76,-0.13880983473580275,-0.3152522624832995,0.9048889755058648,Kecimen
77,-1.5208276586011875,-0.418224864364341,0.41719068987600333,Kecimen
78,-0.10239418600080753,0.5581218975490868,1.2546082072664448,Kecimen
79,-1.2438768362809773,0.11490216200972204,1.659294975957433,Kecimen
80,-1.080547541914043,-0.1234147729613429,-0.2735185659598692,Kecimen
81,-0.9585634211099059,-0.5025070382997461,-0.033101858827900725,Kecimen
82,-0.7553733889657285,-0.3061144264727554,-0.852403655033268,Kecimen
83,0.49982805665077323,-2.0605423741271154,0.7812078205770985,Kecimen
84,-0.08366422882137778,-0.31236499255014855,-0.04507718332959813,Kecimen
85,1.948511482486137,2.2757342950215116,-2.927580511396522,Kecimen
86,-0.287666270103363,0.00894692020596573,-0.8467390576786066,Kecimen
87,-1.706896381128397,-0.9880926560125796,-0.17276498509137922,Kecimen
88,-1.9784331871280425,-0.4476497676885519,0.016581464470403096,Kecimen
89,-1.18402702609559,-0.9136251392654098,-0.15210068148938383,Kecimen
90,-0.958296162477145,-0.7729387836936205,0.919444993502771,Kecimen
91,-0.8463446018291473,-0.863329415664808,-0.40255321132404426,Kecimen
92,0.13979339675362915,-0.12358511967975404,-0.07187966721078569,Kecimen
93,-0.4342697291320231,-0.5541455025388687,1.2059535206343044,Kecimen
94,-1.0330744815300814,-0.20054798435122131,0.1787343971767481,Kecimen
95,-1.7368327960597834,-0.8397972580357664,0.7116380520799648,Kecimen
96,-0.02033645994082758,-1.6556745500832113,1.8329642953607035,Kecimen
97,-0.729643784378864,-1.0290186023607564,0.43570817739958045,Kecimen
98,-1.227577750525851,-0.58016557331738,-0.5519486700068565,Kecimen
99,-0.16814667659769278,-1.885243809346341,0.5714006964860855,Kecimen
100,0.036836292092078525,0.26317750708124277,1.3533505396137666,Kecimen
101,-0.7895882528182822,0.761831607463575,0.18626116945412632,Kecimen
102,-0.7900865192471009,-1.605459624249103,0.0907842122242094,Kecimen
103,-0.896301313411236,0.26981362243774926,0.8701093941938453,Kecimen
104,-0.7224870240053839,-0.36091012673674727,0.07532268062459078,Kecimen
105,-1.4318508772695182,0.4722731281353124,-0.5520457820256256,Kecimen
106,-1.1896117703249858,-2.3131374778258276,0.1099523902607425,Kecimen
107,-0.3699718211788168,-1.4762032812769597,-0.15732689424792426,Kecimen
108,0.07319454199757346,-0.7514955441385227,0.9065265350332532,Kecimen
109,-0.49401517382689525,-1.4885216754326263,1.420948751945224,Kecimen
110,0.03657144633030926,-0.705316671384858,-0.15885518499883808,Kecimen
111,-1.425349276861698,0.5847703294163291,0.6012628886849729,Kecimen
112,-1.0698854381673686,-0.11945451002211943,-0.02562198824110456,Kecimen
113,-1.1123934820825718,-1.705517980779622,3.7511977296422097,Kecimen
114,0.37860278930553337,-0.1343152283188735,0.0684210840492673,Kecimen
115,0.1106659063389078,-0.2977189361127479,0.16572635656039134,Kecimen
116,-0.01810751270334195,-0.048226278629254674,0.9986440899434245,Kecimen
117,0.2772948198540469,-1.41997326071607,1.3579321341204365,Kecimen
118,-0.641779775325146,-0.2521157541944288,-0.30509589318335,Kecimen
119,-0.024227012504361635,-1.4109318423008765,0.6518743645879541,Kecimen
120,-0.3547516688406081,-1.089949030074932,-0.10062040380487967,Kecimen
121,-1.0320178665952844,-0.6309893954104284,-0.42971295484363486,Kecimen
122,-1.0824229789135638,-1.6554081652053978,0.7082165773119579,Kecimen
123,-0.8755137215213102,-0.752359422639611,-0.3483617458769471,Kecimen
124,0.4291346936404746,-1.2694396385642635,0.5616957830148178,Kecimen
125,-0.9396616117817137,0.4161354613514338,-0.9243173836370305,Kecimen
126,-0.2986388294821449,-2.118707325971683,1.291280493239868,Kecimen
127,-0.8762453577749592,-1.969119294759608,0.7749167806151833,Kecimen
128,-1.2626625545339472,-0.7960604321845053,0.3218607254943532,Kecimen
129,0.22402508521721434,1.0426550357577729,-0.8825694840642713,Kecimen
130,-0.17379388074281346,-1.4735567206227982,1.4724968513409251,Kecimen
131,-0.30382178705001184,-0.8240838518244277,0.9248536154658129,Kecimen
132,-1.1921144210209618,-0.17082629714299838,-0.7934466503532684,Kecimen
133,-1.0419131118962475,-0.7608757090149207,-0.22291619693269404,Kecimen
134,-0.9863417829135324,-0.037740531853018816,-0.2496533476517284,Kecimen
135,-0.8143354829179634,0.18974827284413473,-1.0186283683955162,Kecimen
136,0.4530549202473196,0.05408988764749908,-0.6664985360454992,Kecimen
137,-0.761725991528916,0.47896051914599047,-1.3154084507749193,Kecimen
138,-0.9644506513389869,0.6900202483001575,0.08969633246161915,Kecimen
139,0.7677371593040728,-0.6130058005262863,1.0856871740245524,Kecimen
140,-1.178357608779692,-1.7484021790668258,0.4746775613298758,Kecimen
141,-0.9671314453675585,0.37540260422953337,0.5619349194950451,Kecimen
142,-0.22584923769048815,0.4013620782977119,-0.9143062526734219,Kecimen
143,-1.1171475356863725,-0.7259512610285196,0.3740190649948523,Kecimen
144,-1.300167214674816,-0.5307011366014746,-0.016139570127884424,Kecimen
145,-0.3542321358407197,0.23452217610228449,-0.8293512579021921,Kecimen
146,-0.15504254992350672,-0.2298105366222145,-0.027560306436216805,Kecimen
147,-0.9347167314023594,-0.053905489192230434,0.37778847496349754,Kecimen
148,-1.7037348084293242,-0.2668869588075681,0.36827284327774107,Kecimen
149,-0.4513741246115009,-1.1981597437031806,1.286070046730247,Kecimen
150,-1.377299661601386,-0.9348455457085789,-0.907780391696105,Kecimen
151,-0.7829545638642179,-0.5781507889765798,1.7778175854572111,Kecimen
152,-0.1614258711697356,-1.0451738831518245,0.7934381948280805,Kecimen
153,-0.040612225620451275,-1.5345094807769806,0.06002621677133778,Kecimen
154,-0.12529770778478946,-1.2911733377455707,0.3981820076767551,Kecimen
155,0.08484651893310952,0.05422812096598087,-0.9629588698903452,Kecimen
156,-1.3405641029509514,-2.535102813045926,0.8273328763725345,Kecimen
157,-0.7918312666274073,-0.202369885827369,0.7116232713911278,Kecimen
158,-1.6940329265776646,-1.7673886051309213,-0.806502343104946,Kecimen
159,-1.611884277197122,0.7933439761740918,-1.153714666135064,Kecimen
160,-1.247893579664712,-0.2897016939280623,-0.4461273338210699,Kecimen
161,-0.9809851437072044,-1.433603325688358,0.20736008898251496,Kecimen
162,-0.21948897028365635,-0.05638096078156453,0.07424429472344983,Kecimen
163,0.3209532393584703,0.4926374297883475,0.09129243669753427,Kecimen
164,-0.2814090813181408,0.015757880763261782,1.0709447256741964,Kecimen
165,-0.7019443304890836,-0.18566517253632903,1.1760567240048616,Kecimen
166,-1.0589453236489488,-0.38615586587279155,0.4939545157576389,Kecimen
167,-1.5982972796906183,-1.3299451790192283,0.5866175837094619,Kecimen
168,0.3444693991406407,-0.17710568589372858,-0.03976280796630021,Kecimen
169,-1.4113225932403641,-0.5126648293112858,-0.5961254154590406,Kecimen
170,0.11440101647642163,-0.35516774308758436,-0.3827864154204901,Kecimen
171,-0.7380000763815272,-0.14407953424392647,-1.088250326324551,Kecimen
172,-0.7516516133748726,-0.3994231572995983,0.18711493308088745,Kecimen
173,-0.3782477947147659,0.8094518160669764,0.7277101130541488,Kecimen
174,-1.0469916120411915,0.5707269543753558,0.0621019172003962,Kecimen
175,-0.0968811695871975,-0.38490495010844,-0.6543060012058749,Kecimen
176,0.13835525792198874,-1.4194781981310105,1.7674998636403043,Kecimen
177,-1.0209285386027445,-1.4575660105045993,1.18513189956558,Kecimen
178,-1.677629183267401,-1.9585756019009941,0.032085153896194527,Kecimen
179,-1.2020032919610206,-0.620896263221312,0.7739810156615727,Kecimen
180,0.2147802783475426,0.2549422293695885,0.05641931717435606,Kecimen
181,-0.41025705485909725,-0.19997893199679484,0.6973207965713063,Kecimen
182,-0.5470152633049143,-1.3284510795666318,1.2074604244344576,Kecimen
183,-1.474877371952351,1.0118056221623213,-0.5466728164981892,Kecimen
184,0.035806172179594926,-1.1002863106398786,0.12013192914726913,Kecimen
185,-1.4692500436437324,-0.3098360583407809,-0.1985125325554635,Kecimen
186,-1.9173587746498182,0.11047511368776956,2.8994194455115117,Kecimen
187,-0.7928704091014569,-1.2937019241373378,0.14144276483382837,Kecimen
188,-0.3644007550812395,-0.33764073320310384,0.3247398391864724,Kecimen
189,-0.04088575567435176,0.31424126058184915,1.1129398905179528,Kecimen
190,-0.06354467502422753,-0.17808619721651522,1.2340865442851066,Kecimen
191,0.1922147220954659,-1.3910495618938659,0.4812480382508734,Kecimen
192,-1.8246003930973134,-2.3519550355250805,2.3023936829914344,Kecimen
193,-0.017716154523313602,0.8332404790344107,0.7327493018099763,Kecimen
194,-1.43679302385328,-0.006852570636899703,-1.2653039268736255,Kecimen
195,0.1995401978816732,-1.1467831909083028,0.7277976910669722,Kecimen
196,-0.3544053010147622,-0.30851071380075135,0.0024435375374312943,Kecimen
197,0.1786338904456915,-2.3819541963622894,2.0364378907786533,Kecimen
198,-0.7116108638918756,-0.8245351818317267,-0.44050622712525866,Kecimen
199,-0.7078760113245333,-0.7253037201147774,-0.11821561334288266,Kecimen
200,-0.5664580523171113,-1.1743490420039713,0.6567641802699652,Kecimen
201,-0.6221844687581877,-1.2030892517999698,-0.6324928160073707,Kecimen
202,-0.1726697984667504,-0.23905025687364215,-0.39544568621878845,Kecimen
203,-0.22361794698339682,0.16608092165927163,0.7736851731846378,Kecimen
204,-0.45353881565213394,-1.137384197759605,-0.06257055017747144,Kecimen
205,-0.16991000126415456,-0.6071851819724747,0.6585794293859106,Kecimen
206,-1.7605434432057092,-0.5533425528440761,-0.19236229790310613,Kecimen
207,-0.6462734277700825,-0.8345697719667917,-0.008870822785573662,Kecimen
208,-1.7014270586833817,-1.4980368538470357,0.6104250550173175,Kecimen
209,-1.1385140152712083,-0.9704991276916635,1.8370709263639702,Kecimen
210,-1.1838313058946563,-1.2856244379080597,-0.876748096831887,Kecimen
211,-1.288946176348247,0.9288181891644877,-1.5260839544445217,Kecimen
212,-0.8124904755010082,0.7891411584987021,1.542263836613349,Kecimen
213,-0.7447957655726591,-0.24260684576246633,-0.036973531369737925,Kecimen
214,-1.0751170454331596,-0.36723704946883406,0.8353248883072847,Kecimen
215,-0.6057455971181746,-1.4835080097622404,0.21425919132118998,Kecimen
216,-1.2141617891856589,0.3149462693675048,-1.3782892086546072,Kecimen
217,-0.5322001240278093,0.16115800863077395,-0.9428958904695871,Kecimen
218,-0.23275310963600362,0.5259870891656061,-0.5132426531134368,Kecimen
219,-1.1667186967627887,-1.4201533931232362,0.10544598639536719,Kecimen
220,-1.3530794249258928,-0.9119589552064664,-1.03667878913042,Kecimen
221,-0.5090390336755121,-0.0709211321106357,-0.685476936480778,Kecimen
222,-0.8361635392184936,-2.0649110368476538,1.8070940838495,Kecimen
223,0.3657056290674317,-0.24563929990295105,-0.3773438844563202,Kecimen
224,0.04667371221907383,-0.620886057777176,-0.8059476902398978,Kecimen
225,-0.03202708460005845,-0.2338899690372297,0.049217854199443224,Kecimen
226,0.23832648377593446,0.2153590282783868,-0.9140382059059197,Kecimen
227,-0.4913369697697856,-0.03618651147714852,0.17882792070966264,Kecimen
228,-0.13963312044953827,-2.08794641283996,0.7980177310456028,Kecimen
229,-0.10998358504989755,-0.677754316793262,0.9006657564527735,Kecimen
230,-0.9439524776790061,0.10434504391878563,-0.3502175653293149,Kecimen
231,-1.012485574227633,-2.1244675876929677,0.715680227241679,Kecimen
232,0.12233662963372251,0.4314853846566619,-0.36771061064933797,Kecimen
233,-2.0250724073497794,-0.3513762684326018,-0.7871715277403906,Kecimen
234,-1.152140317370869,-0.9897205095847061,-1.0166579363282398,Kecimen
235,-1.6911904334497327,-2.1862377932951294,1.8411798697061819,Kecimen
236,-1.294883206286621,-2.1144531674007716,1.2636821088601842,Kecimen
237,-1.019146198670973,0.7948435169170642,-0.05459241115336697,Kecimen
238,-1.580338560396262,0.31174141526223714,-2.018047128779185,Kecimen
239,-1.4203226200034504,-0.6613086051924162,-1.0585211025782908,Kecimen
240,-1.0840651890358044,-0.6076903337321748,0.08450229706378626,Kecimen
241,-1.4812931510520495,0.6583650135953174,-1.0296991942129254,Kecimen
242,-0.9542463833786392,-0.3959513391821629,-0.6310098589064006,Kecimen
243,-0.7202675098859077,0.38162307809051177,1.158399825837389,Kecimen
244,0.15617237121285765,-1.4398559859587963,1.3470193442396043,Kecimen
245,-0.862253871174306,-1.301601660587492,0.1212053311607176,Kecimen
246,-1.3323260563914823,-0.660665391009013,-1.331395667975981,Kecimen
247,-0.7955742865307378,-0.6133541359055407,-0.3469037987787243,Kecimen
248,-0.6195528614533576,-0.42893666828713556,-1.009437881598929,Kecimen
249,-1.1252988455717066,-0.8924136398503507,-0.3690331417863414,Kecimen
250,-0.09489087499582816,-1.4972556033371802,0.5889885798037379,Kecimen
251,-1.3596511747107618,-2.207427747889444,0.8026255159728701,Kecimen
252,-1.763033311315878,-0.13881940486545102,1.3001713081906021,Kecimen
253,-1.7079917425055562,-2.1698793075890883,-1.0677799972372082,Kecimen
254,-0.19376154724881245,0.5285149094132888,0.008784339360725885,Kecimen
255,-1.57100685837669,-0.1683279284744615,-0.2956702189543939,Kecimen
256,-0.6429121643532483,0.2669122294736762,2.063834580566005,Kecimen
257,-1.459351530004604,-0.13814100790680275,-0.6860832005076856,Kecimen
258,-0.21360272428619953,-1.7374502816705406,0.5596861823632944,Kecimen
259,-1.6500212811264245,-0.15798323403841716,0.3508930883388934,Kecimen
260,-0.6087856302852522,-0.6414434911371322,-0.008700783648248235,Kecimen
261,-1.3381627657858175,-1.0662779524272,-0.21841948052658186,Kecimen
262,-1.4730001297814506,-1.4188390695526902,1.128355931941432,Kecimen
263,-1.1074592332049265,-0.060457917352136,1.4617868291890428,Kecimen
264,-0.6518337426100916,-0.46000278928604516,0.2728907840812025,Kecimen
265,-0.04389664506038963,-0.46553904365420734,-0.5373769113744604,Kecimen
266,-0.7519376990407002,0.47999274090364175,1.2202385587724527,Kecimen
267,-0.39136608527584993,0.26442525682476203,0.9241486964771923,Kecimen
268,-0.6065533316114762,0.9308024319345094,0.7729269092569674,Kecimen
269,-0.22844407944921286,0.1349496051333424,-0.3088210398724147,Kecimen
270,-0.9110172517942337,-1.6066033410932867,1.0580697871898428,Kecimen
271,0.10861054387035843,0.6514102509571366,-1.4276354287375284,Kecimen
272,0.2773480613569257,0.7058880082921541,1.0753820934233373,Kecimen
273,-0.4044149981816589,-0.049994958103773954,-0.16807917790914398,Kecimen
274,-1.4506963448657308,-0.2535628263579243,-1.0380461007771724,Kecimen
275,-2.0882026651594217,-2.043115643559957,2.2586373356797864,Kecimen
276,-0.10055510675992915,-0.5847740170987643,0.4588743660489475,Kecimen
277,-0.5132167345246289,0.6516067429089604,1.5813167286557182,Kecimen
278,-1.5224046334010002,-1.0724259721824068,-0.6326683797255366,Kecimen
279,-0.024891147398449255,-0.9505370121563644,0.5679875151223189,Kecimen
280,-0.7469157222080713,-1.2377121503005675,-0.31435223190695116,Kecimen
281,-0.4089812111921218,-1.1244943176191298,-0.9345686467253752,Kecimen
282,-0.9165262399607047,-1.268354832344072,0.7265614804143711,Kecimen
283,-0.0601107256820258,0.038249355312639406,-0.430012957271859,Kecimen
284,-0.24821068575391403,0.28727938614198145,0.06439515210391834,Kecimen
285,-0.7722549826321393,-1.049413629635834,0.32804920359317474,Kecimen
286,0.3739023288727001,-1.0764298232774978,1.5003685013529346,Kecimen
287,-0.395731336937365,0.005742609127909796,-0.8620367343241322,Kecimen
288,-0.18351503228758442,0.4274963938777997,-0.5190454799181317,Kecimen
289,-0.6748774694316428,-1.3486110155593345,0.33597703748325786,Kecimen
290,1.2696686496083425,1.80524487648702,-2.418220646125527,Kecimen
291,-0.506713025761166,0.328025493270142,-1.1057261386411872,Kecimen
292,-0.2557775097821943,-0.5838044254944547,1.7925617778595344,Kecimen
293,0.031651777380492185,0.15416243202508054,0.16342013192338353,Kecimen
294,-0.32398218847229,-0.49606866713610576,-0.30613547625677273,Kecimen
295,-0.36106431066843686,-1.0513274029310105,-0.053829130683213454,Kecimen
296,-0.8523887914349055,-1.8546335441863153,0.4775999601557824,Kecimen
297,-0.9103622611696678,-2.0886223172231286,0.4207352502493719,Kecimen
298,0.6431134033493041,-0.8924610616903921,0.18269255262219894,Kecimen
299,-1.9194849689748812,-0.9664425945322769,-0.23416072097037338,Kecimen
300,0.20302983099429658,-0.6539820112888881,-0.051053978603350425,Kecimen
301,-0.7910418190708389,-1.3849015576345352,0.5980771075540888,Kecimen
302,-0.3359814728753909,-0.5805966524902371,-0.5685289008994797,Kecimen
303,0.03315526087626208,-0.36609462682751054,0.4252843507571444,Kecimen
304,-0.6236175855518672,-0.8558636377367247,0.12703676497377045,Kecimen
305,-0.632506501161232,0.45952952058995306,-1.2856963490476125,Kecimen
306,-0.5899151350882716,1.5688448657344898,2.0443750726734358,Kecimen
307,-1.0143997515578997,0.04387783213387486,-0.4443646977194969,Kecimen
308,-0.43251588117923406,-0.8282883341391126,1.3071178599490854,Kecimen
309,-1.3828215943838915,-1.8621804235146742,-0.3962222286488623,Kecimen
310,-0.7415379450581328,0.2731447496598644,0.596098696238531,Kecimen
311,-1.4449071429004743,1.6093885855948018,-1.0998058637514752,Kecimen
312,-0.5063071284023937,-0.9819756441022369,1.544159294233672,Kecimen
313,-1.75191117585231,0.17787901528590827,1.8845398202760346,Kecimen
314,-0.564113562501264,0.04300877524404573,-0.7929565581143508,Kecimen
315,-1.317640865330868,-0.38180136445587226,-1.2065851289719136,Kecimen
316,-0.8772786357721752,-2.4126832108863243,0.5457369312905513,Kecimen
317,-1.7875716631772778,-0.9126022049082837,-0.4630578695714574,Kecimen
318,-0.46852862235742193,-1.8202361518525845,0.7393897739153926,Kecimen
319,-0.8111495420081255,-0.6794582452999551,0.22962754003385905,Kecimen
320,-0.6497177388386989,0.5149486810141078,-1.1792171855907059,Kecimen
321,-0.9046495925614928,-0.9589149443925752,0.17482512047254783,Kecimen
322,-1.3612837565153157,-1.6028083252330871,0.1708435375938522,Kecimen
323,-0.25591047420236035,-0.3776042717800796,0.3220791430572495,Kecimen
324,-0.49038381001803855,-0.27326839431434574,-0.16541945790785764,Kecimen
325,-1.9962114839465153,-0.3437688604960425,-0.6965519564344861,Kecimen
326,-0.12045441386258518,-1.0124896967023473,0.5598140449638396,Kecimen
327,-0.4359173655201166,-1.457933809919708,1.223662967658369,Kecimen
328,-0.8108563126248284,0.07017660735847145,-0.12740541091664734,Kecimen
329,-0.0371198600411764,-0.1928860659626137,0.49568416405560045,Kecimen
330,-0.8307512428516816,0.672361640271046,-1.245615351469563,Kecimen
331,-0.9761339808163952,0.5300701134855301,-0.2986744488323002,Kecimen
332,-0.7577894952275179,0.09297954374210675,1.9913427030626758,Kecimen
333,-0.6882533443795432,-0.6615631162039518,0.4530920670098162,Kecimen
334,-0.2470181013389763,-2.0712679521276236,0.0029475430877910253,Kecimen
335,-1.0059796776525907,0.03934892440884418,3.0797761659896628,Kecimen
336,-0.39608371948819243,0.05602852721232387,-0.8686877693590561,Kecimen
337,0.09236277315432201,0.013395590806501132,0.0823252945694853,Kecimen
338,-0.17752317814469,0.7507837362353244,-0.7675285207965602,Kecimen
339,-1.4408738838493877,0.7992529340271654,-1.1942534495506913,Kecimen
340,-1.6907069398556498,-0.9147275208136921,0.3980661730256606,Kecimen
341,0.24715776214822696,-0.5287929670167046,0.7382998852467729,Kecimen
342,-0.7982395447086833,0.08307794624666562,-1.0539691737921755,Kecimen
343,-0.4814206489666902,-0.9838118225989532,0.79097624138624,Kecimen
344,-0.3307972808702229,-0.7625590109531019,0.3585297001218129,Kecimen
345,-0.14784976488706117,0.42665669602760914,-0.01982880463140319,Kecimen
346,-1.317951281846875,-0.17039964540329272,-0.9342868488201619,Kecimen
347,-0.6233076499600304,0.050729774841784016,-0.37297166842416174,Kecimen
348,0.195329403787872,0.35856886140518535,0.21773147449463628,Kecimen
349,-0.4074227669834499,1.12372632493972,-0.30156030051596877,Kecimen
350,-1.1575060988393693,-0.5487781341727224,1.3103217566714955,Kecimen
351,0.22973414972776748,-0.6267530740561669,0.25608634697373667,Kecimen
352,-1.3074195735759433,-1.613937859443999,1.3333723303094216,Kecimen
353,-0.9930657317862291,0.47818489145943843,0.5932550843551011,Kecimen
354,-0.007113589146764886,-1.1363797178902713,0.4256237330359025,Kecimen
355,-0.3382165301955828,-0.7713660485852766,-0.24483217441449692,Kecimen
356,-0.7631627796958588,-2.3173203837714635,1.7033942080912816,Kecimen
357,-0.6300966440947798,1.155882962043486,-0.10044607785375305,Kecimen
358,-0.06833587648186083,-0.3991280541982929,-0.06280087237818793,Kecimen
359,-0.5683504391553622,0.027828311414195547,-0.570134196487504,Kecimen
360,-1.196291312110492,0.3231806493155917,-0.834893555543875,Kecimen
361,-1.185005866526362,-1.56687139572387,0.186058068140213,Kecimen
362,-0.5208514786032958,-0.23853362246536636,-0.9251216043804604,Kecimen
363,0.6052602698686173,-0.2142729936438964,0.45973670946230216,Kecimen
364,-0.19820342285522566,-1.2311885544815604,1.1473088363981718,Kecimen
365,-1.2564011101377797,-0.8968026988401779,0.3279931840752627,Kecimen
366,-0.35998790687208787,-1.4274978050003744,1.0712608567760113,Kecimen
367,-0.8442624574184225,-1.1426197934543616,0.2712578486359711,Kecimen
368,0.17221786433731656,-1.143220988042005,0.6170880818808481,Kecimen
369,-0.8460045365067344,-0.5117300696133791,-0.40385991143130767,Kecimen
370,-2.2024849322962265,0.06782115010668154,-0.48854517024278593,Kecimen
371,-0.28706002241202777,-1.1175159850349408,0.8446700231217824,Kecimen
372,0.21693785665092827,-2.0485557094872835,0.1049378841172378,Kecimen
373,0.5454930063895039,-1.2166113604224693,1.0904244579156286,Kecimen
374,-0.4447478842743054,-0.21227985102970148,0.8300659898071469,Kecimen
375,-0.47198155579205725,-1.8395300323901884,-0.5659973270342677,Kecimen
376,-0.2974209345795317,-1.0116730676174368,-1.0148437950022562,Kecimen
377,-1.7615390805773217,-0.62052098509478,0.21357322728484376,Kecimen
378,-0.9552693089419726,0.9241287375834762,-1.665254169142498,Kecimen
379,-0.03730194485036334,0.08432168160306702,-0.9363869607400553,Kecimen
380,0.08028498772372471,-0.5988340323711753,0.2670661612178179,Kecimen
381,-2.2676816027575875,0.13582814672684984,-1.5355047142249372,Kecimen
382,-2.6257908191900725,0.19952441246599198,-0.25366561695238216,Kecimen
383,-0.44313011608637726,-0.6772636899079831,-0.1710383601272944,Kecimen
384,-0.12627383914683243,-0.4103393484046321,0.708197718697599,Kecimen
385,-1.2966774388207378,-0.7185983009184825,0.33069382384472834,Kecimen
386,-0.504057487743457,0.32755601258354305,1.4072627483064715,Kecimen
387,-0.5052373642177643,0.5373931657252535,-0.7870624913941107,Kecimen
388,-0.38620141166381944,-0.8135076507408134,0.4315492430021111,Kecimen
389,-0.5437150997113792,0.7463418052186888,1.5061304948160696,Kecimen
390,-1.147027408828344,-0.3011393132945094,-0.5459304394312348,Kecimen
391,0.0004268361465472686,-0.6651762719134277,-0.7217675468649174,Kecimen
392,-1.065643136289224,-0.03569172340571666,0.4238836613949985,Kecimen
393,-0.5523125019054936,0.7541138061505811,-0.7323044102331907,Kecimen
394,0.2550701696771043,0.02489685657798447,0.16597513469983732,Kecimen
395,-2.2647631190925583,0.13633709249161088,-0.8836109913752547,Kecimen
396,-0.15131616103598614,0.9397251183406358,0.37307378367983657,Kecimen
397,-0.2392476980896163,0.12461036363328493,0.9428978897773552,Kecimen
398,0.07493291502202475,0.083899003580381,-1.045224350384089,Kecimen
399,-0.405511512634072,-0.9416196028961658,0.5189451257009601,Kecimen
400,-1.1705109706721843,0.3511771420955623,-0.9136540938768379,Kecimen
401,-1.7123172149988286,0.27900780826768184,-1.4553362132383736,Kecimen
402,-1.0766138868515214,0.6458500041061769,-0.8406146741838157,Kecimen
403,0.31920113428708996,-0.19358507715563236,-0.2646703591705053,Kecimen
404,-0.03269338121706032,-0.33575865883177086,-0.02144071455999618,Kecimen
405,-1.1131059902122649,0.012995853539405414,-0.4778986755759511,Kecimen
406,-0.46965482323945856,-0.6903395372385096,1.361423383607832,Kecimen
407,-0.21975091650282563,-0.0750130026895723,-0.322014203968082,Kecimen
408,0.07223789998823539,0.2227980695313933,0.8317657093988995,Kecimen
409,0.6408493600250285,-0.5194505970015433,0.44427649332390245,Kecimen
410,-0.714627080048457,-0.2177481963846267,0.14881395474445885,Kecimen
411,-0.11656170790593591,0.123131907752048,0.5592486752210596,Kecimen
412,-0.8055007098149439,-0.20743128087080037,-0.2554885598379004,Kecimen
413,-0.9039963367753728,-0.22508694314291122,1.0337063206300101,Kecimen
414,-1.8417217733512747,0.044502678581393444,0.3276816175474313,Kecimen
415,-0.7673960378947051,-0.4779496268464783,0.7260171412885352,Kecimen
416,-2.0915567134105886,-0.6751523174107575,2.1031888508661116,Kecimen
417,-1.258772477995069,0.42796132680068927,-0.4960660114579348,Kecimen
418,-0.2710165405342146,-0.07069195177283481,-0.0899338682615695,Kecimen
419,0.1262520962914729,-0.6692954506379851,1.0499876600292901,Kecimen
420,0.17519192187029778,-1.9011046805527692,0.987803877029462,Kecimen
421,0.27769410234639774,-0.28600342296588926,-1.386456755755891,Kecimen
422,-2.0195911730508653,-1.0144878273152318,1.0078040296152713,Kecimen
423,-1.717994790776676,-0.7184289913850515,0.13823452935523842,Kecimen
424,-1.5881427844955327,-0.7860166508876468,-0.45794960017730374,Kecimen
425,0.16218455079019392,-0.6589917888418884,0.1870832495744371,Kecimen
426,-0.8412486732432539,-0.15896653711144976,-0.8595823228833854,Kecimen
427,-1.6968787894156119,-0.5706087072051479,0.6014564792894052,Kecimen
428,-1.2317669429290998,0.38573155532891307,0.8982684595778628,Kecimen
429,-0.4214140910557461,-1.0258962677632173,0.89619819124695,Kecimen
430,-0.7888410470329354,-0.09321723166155844,-0.6165148183566019,Kecimen
431,-0.7586500523851096,0.0037690884375682315,-0.8972819662099888,Kecimen
432,-0.6927950437617637,0.590714931579706,0.6802243553962258,Kecimen
433,-0.18906922764928208,0.04808974128905602,0.4482537974735758,Kecimen
434,-0.5564155561698905,1.1797637781464054,0.368155465705281,Kecimen
435,-2.5118488581438507,-0.08326237896625761,-1.4238958976692964,Kecimen
436,-0.03866802132449704,-0.49374679153992224,0.2903580329962245,Kecimen
437,0.16740153332582358,-0.4079170898080228,0.2733222441197204,Kecimen
438,0.07455637434399252,0.7400258385336232,-0.10842433295059027,Kecimen
439,0.48888424465076197,-2.038305923262826,0.5271819805013145,Kecimen
440,-0.9700390211752665,-0.9152818065374788,0.4937112533374671,Kecimen
441,-0.5763527830242908,-1.1860200056791559,-0.02980039691411209,Kecimen
442,-0.7596749275781532,-1.0582926365003695,-0.11389089299064468,Kecimen
443,-0.3676373636372086,-0.025751233902641224,-0.5216572284948668,Kecimen
444,-0.4047332894940661,-0.7107320575196352,-0.5396872659441164,Kecimen
445,-0.6532062234222824,-1.4744220043155505,0.02951145610434315,Kecimen
446,0.19367609372030825,-0.9999554058357824,0.8261176198048706,Kecimen
447,-0.7172442030047839,0.8259476293797392,-0.4335866819216864,Kecimen
448,-1.123485049949525,0.9349850900713375,-1.4094388272046692,Kecimen
449,-1.5572484514939788,-1.84771313030155,0.5233399090990372,Kecimen
450,1.2914554444780328,1.9059012990543918,0.5689410508627566,Besni
451,0.9145479685396841,0.6567219100939892,0.531947839675655,Besni
452,0.4161551620751518,0.9084628951730782,0.3639572739747557,Besni
453,0.44204442505375835,-0.19309138998479716,0.011673497906278198,Besni
454,-0.6450221752424393,0.8933745431722453,-1.7415467802555373,Besni
455,1.5658318600222132,0.28888894895391937,0.3372652124146778,Besni
456,1.2335318134393272,1.2981816784438436,0.8312173825439437,Besni
457,0.8056746650968714,0.9184420693783006,-1.52513006882391,Besni
458,1.0531075209671052,-2.058942404618573,-0.15927009850091953,Besni
459,0.08132508667411217,1.5109427324998246,-2.706659480319972,Besni
460,0.6919417409315896,0.7563715163899111,-1.2753527321436495,Besni
461,-0.5311933225913549,1.9504074394533975,-1.255715212533324,Besni
462,1.095168531884442,2.3189391287091667,0.6892542633608977,Besni
463,-1.3886226695008594,0.4949806300275216,3.566438529642899,Besni
464,0.9436453510638927,2.017144319174896,-1.5114951969484818,Besni
465,-0.4151896023062082,0.6731112169373223,-0.060551256239188674,Besni
466,0.45288172259036363,2.026355598938445,-2.0098416060020505,Besni
467,1.999534259372187,1.7804598732587804,-1.0904750320989725,Besni
468,1.7748818031407918,1.0821555754934467,-0.48079200830998303,Besni
469,2.133425343265632,1.6626655552006722,0.5015646664475344,Besni
470,-0.49927019388341853,1.1828152021881648,-0.7520652146784532,Besni
471,0.9683054470132357,-0.8649473434435123,0.3890501032355426,Besni
472,0.7138587210735409,0.14911623186585538,0.039122499949908386,Besni
473,1.6217499033969507,0.7226853262216419,-1.1516578362329062,Besni
474,0.1012596570458635,0.49335322422660327,-0.9037387953423784,Besni
475,1.8997957990112975,0.1288507452924293,-0.44966338659601274,Besni
476,1.1039382933276158,0.2188098836655097,-0.5255614868912711,Besni
477,0.7172520866320978,-0.7795870609758375,-0.3797187289896659,Besni
478,1.1358351506500266,1.0410821072287901,-1.6562195094512966,Besni
479,2.0617675835484133,-0.30335586450542446,-1.5371341864797747,Besni
480,1.2901464655966957,1.2618369430199246,-1.6917091531769373,Besni
481,-0.15954102572468562,-1.2185082892995525,-0.5099023978376259,Besni
482,0.8789063033463372,-0.20821309203716507,0.8363769059929821,Besni
483,0.33026758349464197,-2.1915159842911542,0.9615830328283971,Besni
484,1.5593173633831703,-0.8284184716376771,0.7483063702404079,Besni
485,0.14924671875458662,0.31049171635392964,0.3766972555506225,Besni
486,0.6724661980067466,-0.32308633398760905,0.5229442395794882,Besni
487,2.3171461930867223,2.368044199588073,-2.5926302377224943,Besni
488,0.24950190690654628,1.649252425195424,0.7312313932039962,Besni
489,0.09457572408276572,1.1262995575673287,-1.5958242744628837,Besni
490,1.8170218535872558,-1.5852645364423095,-0.0850958772920668,Besni
491,-0.09862403199294695,0.36665309624729203,-0.7049659925380104,Besni
492,0.536142461973215,-0.1602792196535808,-0.6209729863280146,Besni
493,-0.2429479023067781,0.8165895485192207,-0.43786615914992,Besni
494,0.09423098277058842,0.9437854194203021,0.10958795950107054,Besni
495,1.4384031530328085,0.5951183360543336,-0.21560242084379036,Besni
496,0.8318068021056162,1.3807377021049354,-1.3469811093332231,Besni
497,-0.1632162469888688,0.6812217136608979,-0.4077290653124313,Besni
498,0.890213410917018,2.0019894132958194,-2.447017606590013,Besni
499,0.5331770379217827,0.49221286094847133,-1.1772139361143812,Besni
500,1.3906307943297476,-2.0796404190789737,1.0300474926320868,Besni
501,1.7245123471152715,1.2091648434420574,1.2277755356127131,Besni
502,-0.27513464999587806,0.26521288596107884,-1.1344948573748495,Besni
503,1.3540906179879624,0.5630649492783006,-0.8711465672842381,Besni
504,0.22655506034453576,1.8077694556421018,-2.1928051768209667,Besni
505,0.5864234790297876,1.0586563864804008,-2.0120546804240877,Besni
506,1.9652006089627596,3.233416890631139,-3.2513731441660707,Besni
507,2.286690731250902,0.18720950867834527,1.6163881684762267,Besni
508,1.211950038948682,1.9768696101297674,-1.9125045243714032,Besni
509,1.7853159263565246,1.9215858827043915,0.23324063237951087,Besni
510,0.046234091760534515,0.8138834529173322,-1.905750792197602,Besni
511,0.010116751249040492,1.0721616530357159,-1.6193770654012085,Besni
512,0.5650775124635905,-0.6577375958552517,0.15394501255937737,Besni
513,0.055186456942759365,0.8639334907010081,-1.3248340023434897,Besni
514,1.7461648576353304,0.1303086024080103,0.28537115157151655,Besni
515,2.049253359023801,-0.2479212194667092,0.9502633946043492,Besni
516,2.21478135644584,0.5140833011907777,0.23967444819798853,Besni
517,0.46167425674995155,0.33127390175833177,-0.22950973964335658,Besni
518,-0.5344763053067033,1.8885496018509107,-0.39313719010227755,Besni
519,0.18334471188266804,0.27601878492348675,0.6580682584619856,Besni
520,1.5884481277804177,1.45669495156161,-0.18334370396258706,Besni
521,0.11539796368739676,0.8859104334921357,0.050593041056594665,Besni
522,1.899010207165458,1.413031800786689,0.7500060883166157,Besni
523,0.7738276785236285,0.7673197568924007,0.5406034522518555,Besni
524,-0.8279652882893456,0.40051201663988684,0.2663736343299386,Besni
525,0.8195410052282626,1.3507671562178196,-0.8223816036177335,Besni
526,-0.345175712418681,0.42215856192524037,0.28768183819022897,Besni
527,1.704911035353997,0.1363250168547317,-0.028107141698960898,Besni
528,0.8461536630901465,1.600199797771471,-1.0263847973261329,Besni
529,-0.17623655899194127,0.6158132461552048,-1.7978372890147514,Besni
530,0.2874690898868494,0.8641105012040523,-0.6308459017974611,Besni
531,0.6277952613507647,1.8554441447821126,-0.7209958341706291,Besni
532,0.053842806829589376,0.47215456351023855,-1.3134258956246507,Besni
533,1.188661387992818,-0.016514449294709292,0.35062313547207624,Besni
534,1.6996176219380845,1.7706244799375035,1.3918189712046203,Besni
535,-0.10152122697288944,0.42483858577712963,-0.9503669154909369,Besni
536,0.037512987431774475,2.233623359111814,-2.7036063257282312,Besni
537,0.07397696564181447,0.20780512180664884,0.931940903087277,Besni
538,1.4289475007379642,0.6291197089101358,-1.0413876087770522,Besni
539,0.43858704024433337,1.8155572303556256,-2.2093343545062254,Besni
540,1.7797842293551573,2.0678200551297294,2.3782512687907156,Besni
541,2.104364339655064,0.3600404243674227,-1.3009500961255491,Besni
542,1.3485936743819098,0.8388812799383942,0.625120660499159,Besni
543,0.942878822482138,-0.48370482954001975,1.9929767813367245,Besni
544,0.6119619590683681,-0.40285827687889897,-1.061003754371836,Besni
545,-0.39213998641103076,0.2684568600326387,-0.7814263580353281,Besni
546,0.24383971583808073,-1.44674483233113,-0.6689689273577153,Besni
547,0.9040113948838314,-0.3030790148022396,0.05863785470944567,Besni
548,1.0235790642079068,1.9559508840248094,-1.1522396874841005,Besni
549,0.38858622826759254,1.15677875849349,0.29886843559304493,Besni
550,0.25415646181991874,-0.27264512368636235,-0.4602528641601626,Besni
551,-0.3658619089315624,0.4712355423811886,0.5014736365177005,Besni
552,2.247176558472639,-1.2769157868243373,1.0494728180452106,Besni
553,0.09819252202540696,0.45101272591821284,-0.06575531094569548,Besni
554,-0.14819935769311993,0.4675461202865939,-0.8790748724142673,Besni
555,0.9838060555504627,0.15150283587787816,0.013076920532867577,Besni
556,0.6470418224397141,-0.8833490263656376,0.6950720479626742,Besni
557,-0.089395043432644,1.5251793258401107,-1.4369859292457474,Besni
558,0.21475295479748124,-1.693552918032474,0.4952728249618667,Besni
559,1.322934253264998,-0.6235520139238426,-0.2508521686563293,Besni
560,1.9142426848612775,0.1973225491521829,2.1468847855443474,Besni
561,1.402288460933018,0.06860591525931693,0.5167943715748894,Besni
562,0.13468551207244275,1.903868911539971,-1.322357185594944,Besni
563,0.9237373121793129,-0.20031913421785372,-0.5887525059756102,Besni
564,0.5910998341137238,1.0212471859323302,-1.0147128309695737,Besni
565,1.2805604714729886,0.4560700814852832,0.3494844226155448,Besni
566,0.8232973083131093,1.2841825874176744,0.4342181626080523,Besni
567,1.5784829572929941,0.7415942777828496,1.317079131316895,Besni
568,0.8965773280465055,1.2118858714914638,-1.6783049186436723,Besni
569,0.3029793420656614,1.2425779774108223,-0.636825430486046,Besni
570,0.5547124097411972,0.4832087066862988,0.16089982370722933,Besni
571,-0.025434667189175485,0.2977188552507292,-1.210681044286998,Besni
572,0.35735211021191265,0.11025993299617438,0.21086158521395446,Besni
573,1.7606164988985986,1.5871558771657337,-1.9542225552875643,Besni
574,2.110896909392752,1.9319895742803315,-1.6374748383443618,Besni
575,1.43687632660743,0.6885983819188465,-1.276434821942534,Besni
576,0.7119714432838464,0.8301193671279302,-0.14791703440329407,Besni
577,1.1885703279757656,0.9305414817378957,0.11557928296331191,Besni
578,1.137528686884585,0.3813231793491412,-1.0377891182033847,Besni
579,1.1713343550733213,1.6547563803703473,-2.3590787524499484,Besni
580,2.2688272228073507,0.8398761084009746,1.8753363556878246,Besni
581,2.2545826105837623,-0.50700465182126,1.5461631557729956,Besni
582,1.4408965225605113,0.8190503128505698,0.9395515296271955,Besni
583,1.0806013451974785,0.13669227746145216,0.6787088766926411,Besni
584,0.551864827908098,0.5010698832427306,-0.6875226851929107,Besni
585,-0.6436543641385265,0.31644369607491235,0.7089422622694451,Besni
586,1.6628760740834225,0.8311989980440111,0.3731006742709415,Besni
587,0.5410608089588528,-0.8760963555184164,0.40803904961779525,Besni
588,0.8148426659460456,1.1674568111582355,0.8491771287685328,Besni
589,0.6643007477816374,0.9444904068370574,0.6146241933596416,Besni
590,1.9086092915330282,-0.7345267335809306,0.7024774585976417,Besni
591,0.7379956063872434,0.04362956649869276,0.7733717962450632,Besni
592,1.1288810012332173,1.5159770978082705,-0.6171816892858993,Besni
593,1.045135957571993,0.26674747828532697,0.5069258138318614,Besni
594,1.224237018543357,0.908389421767269,-0.5165652946122467,Besni
595,0.004247841999025974,1.5858264403563953,0.19047312975378286,Besni
596,-0.5649830254668872,-1.4595256053439956,0.6336815007455436,Besni
597,0.7497659394273707,-0.13600742872040122,0.8899887735415237,Besni
598,0.25213969925244045,-1.4402615488400734,-0.18440646458995835,Besni
599,1.5348948775919344,0.5311246092246524,-1.7810946910302046,Besni
600,0.265151582647524,1.8971318500441179,-2.264752827255413,Besni
601,1.1459784933989319,-0.7709794366019116,-1.0569035700488494,Besni
602,-0.16616048053532226,1.6118387053752026,0.13506605596767712,Besni
603,1.266849816458384,0.31282707415854083,0.5277847470636114,Besni
604,0.5733751439632976,-0.39873227085684393,-1.2036824867375675,Besni
605,1.78629579748396,0.8590834634214168,-0.45394782762924873,Besni
606,-0.061581816817113805,-0.6762067712350173,-1.4103488624861031,Besni
607,-0.9394406408481724,1.4898646643941484,-1.38583841876369,Besni
608,0.559829560482858,1.3134106338533382,0.608698743603645,Besni
609,0.9388202134013621,1.2346920564180486,-1.1155225650261398,Besni
610,0.14994860522396944,-0.5312880089757512,-0.0640816728768026,Besni
611,-0.2413944434743503,0.3213298989402657,-0.7920588201744158,Besni
612,1.090126553949264,1.4356510873761108,0.14718742738612373,Besni
613,0.9170372504448848,-0.4948380638865378,0.39847018087021113,Besni
614,-0.6046306008607194,-0.9811559698241928,-0.19868715555145558,Besni
615,0.7079477013343536,-0.4666815220954371,1.3992640309693622,Besni
616,2.177640596418055,-0.6810181681473079,1.525795097213907,Besni
617,1.1625132492263779,-0.3375868602852319,0.2831810598116317,Besni
618,0.6753547699804445,0.6129382719627842,1.0427747307332342,Besni
619,0.751667444347362,1.2994719650959976,-0.3368716741525954,Besni
620,-0.0408249685244634,0.5197264461903944,-0.1559187397592643,Besni
621,1.2618912154501254,1.5185772512490532,-1.2799512415253294,Besni
622,2.114119382975452,0.6452457372606044,2.212647141425565,Besni
623,1.295029682665297,1.9521462506219354,0.008196785571605896,Besni
624,-0.2697457061354456,1.0108633826338738,-1.0471922369026592,Besni
625,0.4327803754868861,0.6219840435345222,-0.386499639758516,Besni
626,0.597817822090926,1.7143242683047646,0.20532032115718446,Besni
627,0.6335395502648163,0.20581392484843683,1.855516533029955,Besni
628,0.6533093998164746,-0.19570847362250943,0.5393052945903196,Besni
629,0.07993818790757076,0.5313105352115586,-0.40118270194290795,Besni
630,0.5105531181083023,0.13643410879324497,-0.37794753375072376,Besni
631,0.28815821092327437,1.2063257299680177,-0.6464861815487257,Besni
632,0.08011159407813433,0.6437807408311867,0.313683387770798,Besni
633,-0.9378502502777509,0.7509851370794709,-0.12568906875151392,Besni
634,1.7943326707184912,2.0194541797987315,1.1678935141585318,Besni
635,-0.31493674701004004,-0.44725353535379575,0.49014889973093334,Besni
636,0.6505764690531707,0.1298897377204472,1.5389623130408643,Besni
637,1.6625472136905464,0.9070330556417782,1.0726458775604122,Besni
638,0.5676971925198272,0.33159068392369173,-0.42879927838099274,Besni
639,-0.6562284461224963,-1.6248229818742326,0.3748751187696668,Besni
640,0.2825865714390285,1.0738475383360506,-1.1178681939748358,Besni
641,1.1892258830161437,0.667920990310591,0.878244726711184,Besni
642,0.04907554875150339,0.11369443249190901,0.5181885536331429,Besni
643,0.6636889176568228,0.5452477154686397,0.22464130430418308,Besni
644,0.9981033652538323,-0.6043559907293986,1.2859417594681584,Besni
645,0.8859200891048582,-0.06417587494064986,0.2872739225070256,Besni
646,0.1869685195128491,0.7931896513096738,0.4358234098082889,Besni
647,-0.07711380261224092,0.3703021302375101,-1.0495851287886608,Besni
648,-0.15733859070576492,-0.2970693100526219,-0.7191045602424905,Besni
649,0.8224065138833049,-0.06419288939418692,0.760041052636544,Besni
650,2.127040110696201,0.3045914771431149,2.0530501522754188,Besni
651,0.6037736250367332,0.7815115669355852,-0.7385792932133125,Besni
652,0.4883723129644193,0.7093987699706189,-0.519437188216889,Besni
653,0.46172356215314514,1.0786604300849447,0.05001102279534573,Besni
654,1.7976557792137848,0.8511933322292928,0.16424700347754317,Besni
655,-0.339420885076289,-0.48963514196020935,0.13911042540310914,Besni
656,1.832085428362517,-0.2571662447472525,-1.228904414749348,Besni
657,2.101664155989128,1.4970027759890312,0.6346997747653764,Besni
658,0.3285222658810432,-0.34381325807505425,0.20080981698548364,Besni
659,0.06262134287571283,0.431556450731452,-1.0197416333959586,Besni
660,-0.9838645396797956,0.44192101115084115,0.002153833173546429,Besni
661,1.525986534670841,0.5094457337836718,-0.6646790053663552,Besni
662,-1.6323215885607183,-0.9196870572910981,0.337613957129245,Besni
663,0.033862456832684386,0.46754817287398354,-0.6170014937553328,Besni
664,0.6350766870741625,1.5614762739593981,-0.37211105423021384,Besni
665,0.14638089335667637,-0.7146331829991708,0.09405056981237447,Besni
666,1.919056969904159,-0.41984562457331376,0.947458798638466,Besni
667,0.628554295385862,0.37447993177616473,1.628504546661518,Besni
668,2.2684671995377252,1.3382648669373847,0.9160004680525676,Besni
669,0.48109596758405754,-1.047600291921353,0.029032835465083954,Besni
670,1.6048428670964565,1.4607743519756229,0.8230604019803548,Besni
671,1.9739220830524233,1.273101683592807,-0.14638903212015192,Besni
672,0.431008166946361,1.069805847023987,-0.5929715764867217,Besni
673,0.5056928311822403,0.7921404949345254,-1.5320571339641533,Besni
674,-0.12967765834813105,0.9192842839019363,-0.47361788378859065,Besni
675,0.7772670823566897,0.6695375146635614,-0.6738206336405343,Besni
676,-1.0744624706837609,0.08971069314801242,-1.0312247524521425,Besni
677,1.4170546198990972,1.1416404604689843,0.6172289560448628,Besni
678,1.973462464742522,-0.06838408159873412,0.6027224610308397,Besni
679,1.1264151814375225,1.2926044786355766,1.0410263217682378,Besni
680,-0.12180577916960003,-0.7256664130696638,0.9551503080295274,Besni
681,1.6358646017539975,1.4211200297605249,0.4514851496956346,Besni
682,0.6862234198350061,2.137518823753835,-2.478964959215376,Besni
683,-0.6752733085848687,0.12686692494758772,0.12014586800708733,Besni
684,0.2256576324011488,0.4384839108974461,0.6753695888199994,Besni
685,0.5934112636048177,-1.1864410776969305,0.25539128812851325,Besni
686,-0.6399456577586488,-0.008833779935162584,0.37780408060749365,Besni
687,1.1422493885536693,1.716297178897619,-0.3273336479354072,Besni
688,-0.7821680295741313,-1.6373807997573389,-0.917191787356611,Besni
689,0.22723470671734478,0.6333817631623164,-1.1082179400831618,Besni
690,0.22546722576045178,1.1093109634597436,-1.6289147314812995,Besni
691,1.3526792918820785,0.9892709371421707,-1.878116520456541,Besni
692,1.0415371953612196,-0.21565544226636735,-0.7286534952108683,Besni
693,-1.1688085683008984,-0.20772285360016576,-0.5972421829383463,Besni
694,1.838331811537365,1.8212457845307823,-2.6664812690910837,Besni
695,0.18713436449551868,0.619570674676482,-1.613147541349345,Besni
696,0.31134016740942166,-0.2705537125497939,0.25034412349250057,Besni
697,0.36267601911527514,-1.4421686738050263,0.37609229452311943,Besni
698,0.3823769270545411,0.05852780416928064,0.23150562083152287,Besni
699,1.0540900692012785,1.3936609801250102,-0.4753815768016136,Besni
700,0.8892852179283423,1.0925248229776554,0.9568161498702887,Besni
701,1.5462978587246516,0.0849072972028552,1.7845936253637562,Besni
702,1.4641142966187344,1.5015627288053375,0.28634103955666435,Besni
703,1.2465981392679513,0.9046231222826467,-1.2513874098333546,Besni
704,1.120145835316467,1.768620657618052,-1.4348874952066448,Besni
705,-0.010892702254023615,0.5899737080880768,-0.29894758915974334,Besni
706,-0.6739277216824624,-0.48353767251732965,0.6630023926206832,Besni
707,0.43761608742547664,0.4361925594713716,1.1422335427000427,Besni
708,2.4498928456421014,0.7415081335622276,1.5818715899006819,Besni
709,0.7186922620185954,0.045423465305438004,-0.06881814508573962,Besni
710,-0.6003676348214382,1.2242576832409922,-1.341428426534384,Besni
711,2.2396888151370464,-0.1682941363316349,1.6810529539739927,Besni
712,-0.07138141393691462,1.5853118218704976,-0.610513532965916,Besni
713,0.6364294706597334,0.5615638339119051,0.5354996733533922,Besni
714,0.1480389937763694,1.0274670306752351,-1.8872767081947588,Besni
715,0.46618151352377835,0.5738861102645725,1.770445079572028,Besni
716,0.4536239102986112,1.8871613264041485,-1.5041678915093546,Besni
717,-0.7463855575123959,0.07265203377120837,0.6480782508541871,Besni
718,0.10380784347240989,0.7196162053316535,0.5262542004006995,Besni
719,0.7658049071030193,0.7151181113881013,-0.32715880723325713,Besni
720,-0.4432738735643071,-0.4876757148036582,-0.43307566101336065,Besni
721,0.31660985986483453,1.08149634031851,-0.12337319758487059,Besni
722,1.083171740435485,-1.1387689643889418,-1.3880562069264766,Besni
723,0.564061912728861,-0.5744451435256722,1.0295678378289344,Besni
724,0.43856214892326345,-0.10955763265341331,-0.061677789008121854,Besni
725,-0.028305284264791473,0.6531061070389644,-0.20182794684148922,Besni
726,0.18176623108724466,0.16515403359462594,-0.12892025438191304,Besni
727,0.819902035356682,1.264004152696347,-0.5602743897941889,Besni
728,-0.9817046689827474,-0.48442553998120297,-0.9503417203863486,Besni
729,-0.0019344796684662277,-0.29650212908632956,-0.7980535618087776,Besni
730,0.25737976193701656,0.7510393808282965,-1.3895866061716933,Besni
731,0.1179027462106168,-0.6711523862451049,-0.6003982402444369,Besni
732,0.4833935727402289,1.3873256760433474,-1.9780270740234982,Besni
733,0.6347785135978093,0.47176911116034675,0.8106581611007628,Besni
734,0.5299923046085866,0.037800253563695,-0.46778217766745794,Besni
735,1.014999703590999,-0.36808996801788857,-1.1225068966322405,Besni
736,0.908599976975482,0.1952210783332716,-1.4763089914535925,Besni
737,-1.2360634649932913,-0.8550037213726958,-0.5626257433511689,Besni
738,1.73757364092047,0.4208253570208338,0.6689740142170065,Besni
739,0.10495221537977445,0.17250404789066945,-0.024881280527663183,Besni
740,0.7477972791159518,1.408292832005555,-1.9330331921024972,Besni
741,0.9044419472328916,2.3764133644137413,-0.9729912187784598,Besni
742,0.6897905596371902,1.2784941817919642,0.519131765079482,Besni
743,0.5951841855018373,0.2389575643131782,0.2059842333467446,Besni
744,-0.9950549347140121,-0.4465896134998323,-1.0741706426769222,Besni
745,-0.06596979346648613,1.181622211119356,0.6130223987506069,Besni
746,1.011394659684542,1.4800307373525126,-1.9453528985193118,Besni
747,1.3684795022125316,1.9565239007288024,0.5840796341273579,Besni
748,0.06619936646649875,-0.03229547972671077,-1.8458373398866528,Besni
749,0.44629093507628353,0.5779904332243154,-0.24150498365515488,Besni
750,0.6742945262270683,-0.04921941107091709,-0.5384368197638162,Besni
751,1.964699774267781,-0.027254642615288698,0.3424433170010854,Besni
752,-1.1532994705190363,0.4355506950129947,0.413328621221601,Besni
753,-0.03860729030451577,0.6381537988372578,-0.9452671667802249,Besni
754,0.7714019923335911,1.4729368801109954,-2.1600714326743513,Besni
755,1.823922585255719,1.194065760448805,0.7256839584406624,Besni
756,1.4963394134116712,-0.43910562008448817,0.12286746380003367,Besni
757,0.46507395607132823,0.7905224591578043,-0.3423067546301789,Besni
758,0.4586893943351105,-1.159769713080244,-1.2690018716658815,Besni
759,1.1941186776721724,-0.22298170664171832,0.8973338212451369,Besni
760,1.2052494002021943,-0.022394476442561876,-0.34900699786537814,Besni
761,-0.380032436935133,-0.19709379935565227,0.28075779252049077,Besni
762,0.7326503409192124,0.570983135294248,-1.4423358060022586,Besni
763,0.7420351468492457,0.4827344827123991,-1.2382215787164996,Besni
764,-0.11593444283920915,-0.4335053643458475,-1.283152866258475,Besni
765,0.9847182454346216,1.382008751926703,0.38685138226760657,Besni
766,0.16910088032899762,0.24905291650967878,-0.01856256553387405,Besni
767,1.2444105231925247,1.8429384044728356,0.6908132191610341,Besni
768,1.8723240439720163,1.6728962122544648,-1.8031214252871626,Besni
769,2.1321717822691166,-0.6553610566298056,1.5566023104967859,Besni
770,1.1828265722396745,-0.5652582858741156,-0.010742128532694269,Besni
771,1.8818801361484574,-0.1292203836148929,1.7349832272586738,Besni
772,-0.46232583036499253,1.308479547894005,-1.3448477653784152,Besni
773,0.6865601689866347,0.5534689959578277,1.6578592071061447,Besni
774,-0.11364631524483093,1.7284141615565107,-0.8404508225140271,Besni
775,0.2389487073383097,-0.2845479163967126,1.3240626889217662,Besni
776,1.741323423730051,0.6129493974095541,1.8420957384931775,Besni
777,1.9621148609558077,-0.8558897066284807,0.23064242558127357,Besni
778,1.46784600283142,0.6079914895333024,-0.3183615628420131,Besni
779,0.6177211128658517,1.0512739251386523,-0.3004295855386881,Besni
780,-0.291880552100519,0.8213832646052718,0.424888978998157,Besni
781,1.7921949666452033,0.3239140011452811,0.7738561926814169,Besni
782,-1.2740659175305384,1.3071906525068473,0.1115724093497807,Besni
783,0.5955572654319883,1.266067541005538,0.8118633398736426,Besni
784,0.03651258774835973,0.8938065255808462,0.6063583368988125,Besni
785,-0.6017493891234885,-0.36991307329785,0.026545250235699074,Besni
786,1.3607619197263965,0.7831536768621767,0.341624472055389,Besni
787,0.6645273119656934,0.5158019898775433,-0.17305616460523093,Besni
788,1.0666159680579836,0.4776184002800615,0.6719908318304283,Besni
789,0.19816493367484303,0.019008496635328442,0.6682733110024797,Besni
790,0.7273593580848431,-0.19819288836463175,1.5677912246606327,Besni
791,1.302231715191191,0.3388635222888639,-0.179973059414046,Besni
792,0.3259932122935428,0.31037278685071945,1.0716567383295288,Besni
793,-0.11101609709983552,1.3784916303673969,-0.8836236845985032,Besni
794,0.6438676102060714,0.4055881211378343,-0.6804841432696859,Besni
795,-0.2324568218275496,1.007352259352851,-1.433263965235417,Besni
796,0.2503366240612572,-0.8395185211798641,0.1661545107662824,Besni
797,0.3524034148331787,0.6646990363145318,-1.2827043966576879,Besni
798,-0.2948180649704085,-0.795177541795304,0.48013501197901204,Besni
799,0.2905421035079774,-0.42094965401865037,0.7734814463849234,Besni
800,1.2973457356276605,1.127337353061767,0.9912510738052259,Besni
801,1.7195248152861118,-0.20153818896492978,1.5785691945590592,Besni
802,-0.2797298190128839,2.243799671056388,-2.6413802521244,Besni
803,1.4050526017997926,1.0518339820221134,2.4931883550515783,Besni
804,2.4516152845925445,0.11250225363853211,1.4240266085114996,Besni
805,-0.8559287227564792,1.5216859772089852,-0.9166870937917907,Besni
806,1.3713503339777378,1.2540901529891784,-1.1185168443885758,Besni
807,-0.051547281460557474,0.01551998842612274,-0.3403540886272403,Besni
808,0.36239340292796235,0.5237524561683715,0.14742330574995366,Besni
809,0.4667966024934954,1.4772062340161352,0.4370243876015893,Besni
810,1.0352166438399697,0.6571784781857718,-0.8649124431527092,Besni
811,0.16050824734829103,1.2547954116438311,0.5395467299506944,Besni
812,2.5771123183122886,1.0657428020051287,0.11912416123498629,Besni
813,1.5403121490221956,1.6242454326284477,-1.5250052387412063,Besni
814,0.10503802128543213,1.6127056086858722,-0.672803942278001,Besni
815,0.9096843863618947,0.49271033069675646,0.12754119647684567,Besni
816,-0.46051517263089414,-0.41102681586313533,-0.34163523220834296,Besni
817,0.20944629491952976,-0.7884887094177913,0.862530056373319,Besni
818,0.4115780747597165,0.8037084547267106,0.7206130324211036,Besni
819,-0.04681990621400381,1.0008249202233068,-0.556759940680173,Besni
820,1.6605731047051295,0.2074039560205705,2.0163281952260688,Besni
821,0.9846587653544286,0.2527255151752272,0.6374147422967483,Besni
822,-0.6112127227409422,0.7852397221817771,2.2092985887679366,Besni
823,0.6856396093804111,0.051049428212282276,0.21252907254138004,Besni
824,0.7883090316535999,0.057995520884686305,0.6433355775064257,Besni
825,-0.6392825984744388,-0.7431591649184399,0.6444179765324827,Besni
826,-1.256048128026246,0.5100982984124433,0.9767692281589788,Besni
827,-0.6274175475811936,-0.7565884241012697,-0.0776397526002378,Besni
828,0.13129306797796794,-0.5236572343502911,-0.6206746295094187,Besni
829,1.1048248253645394,2.073300086044222,-2.37677905822196,Besni
830,1.079724877779748,0.1503478478295651,0.760464054130044,Besni
831,-1.2121310917858843,-1.931638060176354,-0.6945742048129158,Besni
832,0.1290004550621755,-0.3073104789211108,-0.17086924229429387,Besni
833,-0.04274050353921491,-1.0565971535951872,0.29969376632789946,Besni
834,1.4213891292210168,1.0582651601200324,-0.4631068328735737,Besni
835,0.19229746500084893,1.3482559039934254,-1.2161571730372496,Besni
836,1.9515352336446563,2.94238899108765,-3.1196891619039353,Besni
837,1.3743863008137618,0.5821941660734858,1.1504425148088047,Besni
838,0.3414646909396906,-1.331756924033428,0.8452114633384944,Besni
839,-0.38234394511051584,-1.1720923048524572,-0.6722236424183431,Besni
840,-1.2090140957324618,-0.7530101853371253,0.8409038696322234,Besni
841,0.3376515896953774,-0.6073922998936934,0.9249870804652739,Besni
842,0.5477060402186599,-0.1316540575518791,-0.3939388491035516,Besni
843,0.450430873859658,-0.16044218746621158,-0.3737585324584349,Besni
844,0.44651422765651816,-0.022921899454501425,2.1229241419571525,Besni
845,1.5292283216170177,0.53173946159751,0.32844297751356916,Besni
846,-0.15332195933388632,-0.42319205809554833,0.6514558323198335,Besni
847,1.7747819404597125,0.29782263166275275,1.187204993037585,Besni
848,0.5094658487561088,-1.0704169129931482,0.31851100095654994,Besni
849,0.5900017092164423,-1.471087950709903,0.40119839903991733,Besni
850,0.6304623207500252,1.4934437561088805,-1.0661490177963688,Besni
851,-0.20707933406763335,0.3981881262782031,-0.059152036011066805,Besni
852,-0.26580371356390037,1.4731315485492933,-0.1967268587469252,Besni
853,1.1168830461667052,0.8208197071334045,-0.7259557321149436,Besni
854,-0.22030764714020915,1.2069266155541556,-0.947887865070291,Besni
855,2.054566545807344,0.8212500126906253,-1.5584180426398364,Besni
856,1.639731261502246,-0.4199627412733776,1.9170457850316376,Besni
857,0.9795180879296727,-0.36156100394261104,-0.6519785555858953,Besni
858,-0.7051488242965327,1.2593365101119065,0.29492091006999344,Besni
859,1.2916299210803968,0.3792212474368218,-0.549740767924233,Besni
860,1.7516304352698164,0.3001285732879155,1.1150741538643731,Besni
861,-0.8724604723032467,-1.7851785095055124,-0.482377413344365,Besni
862,0.6496875962421563,0.03818126479802359,2.071161824297414,Besni
863,-0.4191358342617471,1.199244831652074,-1.564209445434121,Besni
864,1.2043449173032992,0.4491066359847526,-1.008056545366127,Besni
865,1.5651313871518053,0.1538774912414071,1.3488828553117167,Besni
866,2.4727008117894527,0.8005333462927194,0.8750644709792087,Besni
867,-0.4497518863430215,1.4930338538753434,0.061155422784228496,Besni
868,1.359846350272811,0.9253992378976437,1.4115057046619353,Besni
869,-0.08258155793159884,1.1686989330923208,-0.9992259887161652,Besni
870,1.93213311843166,1.281175524757196,1.8402938034076213,Besni
871,0.6447357974061745,0.7939249664838736,-0.1185451156712162,Besni
872,-0.43806815733465393,-0.9183858081819861,0.055035572373611626,Besni
873,0.4646061672360928,-0.12108959945014439,-0.3272200475430372,Besni
874,0.5676500163589328,0.07263710646233987,2.014685056536964,Besni
875,0.22785981148251924,1.6066681711889295,0.46412428617844925,Besni
876,0.9498894845552399,1.208511212073444,-0.7194551910672439,Besni
877,1.0806965941162237,-0.032377186593862774,-0.23356794622982924,Besni
878,1.5698128882489146,0.9551275977936436,1.024566035297383,Besni
879,0.06756517174112779,1.273308297648785,-1.2729005453477353,Besni
880,2.40141959682586,-2.169851348500946,0.5768947155725189,Besni
881,1.505597648146769,0.8649236071970392,-1.1352986140134234,Besni
882,0.7607824665574612,0.09898160636813484,-0.3767784516850185,Besni
883,1.8171339914878233,0.15322528504968272,1.6160794183879361,Besni
884,0.7746717620971857,0.33831722479539356,0.5869079773953148,Besni
885,-0.9314551575683303,0.15516193689689292,-1.228907120070806,Besni
886,1.3743188765802126,-0.3981046371291453,1.5847552550548938,Besni
887,0.38418538927167006,1.1375090958400498,-0.07545796844436492,Besni
888,-0.3722387649859481,-1.0309916553287022,-0.10518045138838644,Besni
889,-0.038576925370659994,0.863575925335098,-1.958732121027837,Besni
890,0.15356708153077459,1.0074686125003085,-0.48991239508332135,Besni
891,0.698830462884029,-0.360564473278484,1.2874302938335165,Besni
892,1.4941275082722867,1.323912189974805,-1.7839703248017127,Besni
893,2.033166012676021,0.579625295529884,0.1681504427497579,Besni
894,0.8667128145414321,0.3522933934375557,-1.3900998234321327,Besni
895,0.08539447412913292,0.28798435166581166,-0.7084591259784647,Besni
896,0.20085971071064107,0.16273775390410122,-1.223562570391161,Besni
897,0.5172832190147091,-0.8660032487117618,0.7979730190713529,Besni
898,0.3647817465173194,0.7355823641904597,-0.8769635802290683,Besni
899,0.15252978170722592,1.90901457653044,-1.2881034776939013,Besni
